case_id,split,dice_kidney_tumor_cyst,dice_kidney_cyst,dice_kidney_cyst_ignore_tumor,voxels_label_1,coverage_label_1,voxels_label_2,coverage_label_2,voxels_label_3,coverage_label_3
case_00000,test,0.948,0.94,0.9493,854483,0.9223,20462,0.8005,0,
case_00020,test,0.9138,0.9095,0.9145,117124,0.8446,1570,0.7592,50,0.32
case_00026,test,0.8921,0.7659,0.8829,331488,0.7985,118967,0.8517,39138,0.7233
case_00033,test,0.9257,0.9206,0.9255,673926,0.8684,7619,0.8895,0,
case_00040,dev,0.6607,0.6461,0.6539,306466,0.4861,6427,0.8541,0,
case_00044,test,0.8983,0.7922,0.8889,118560,0.8016,29758,0.8768,0,
case_00045,test,0.8466,0.84,0.9031,110724,0.8485,39151,0.4443,12800,0.8205
case_00046,test,0.9146,0.8652,0.9142,145404,0.8477,18024,0.8478,0,
case_00051,dev,0.9279,0.889,0.9232,187029,0.8768,13980,0.9778,3304,0.0345
case_00053,test,0.8904,0.9315,0.9421,974874,0.8969,134230,0.158,0,
case_00055,test,0.8976,0.5236,0.863,96137,0.7615,128509,0.8557,0,
case_00061,test,0.9263,0.8459,0.9228,123831,0.8586,23400,0.895,0,
case_00077,test,0.9113,0.9028,0.9115,152167,0.8389,3306,0.8203,0,
case_00079,test,0.8841,0.501,0.8164,141132,0.6904,171432,0.8766,0,
case_00080,test,0.9318,0.8968,0.9349,152872,0.881,15039,0.8153,0,
case_00083,test,0.929,0.9219,0.9297,228706,0.8729,4528,0.8037,993,0.6244
case_00091,test,0.9495,0.9321,0.9497,1383928,0.9262,56803,0.8947,0,
case_00096,test,0.9263,0.9152,0.9249,1208026,0.8664,24608,0.9749,0,
case_00100,test,0.9326,0.9303,0.9327,437395,0.8784,2471,0.8482,52,1.0
case_00107,test,0.8236,0.5916,0.869,149765,0.7761,193888,0.6469,0,
case_00115,test,0.9471,0.9351,0.9468,1110062,0.9026,28542,0.9274,1381,0.6495
case_00120,test,0.9151,0.9113,0.9154,349212,0.8516,3647,0.7993,950,0.8695
case_00124,test,0.9128,0.9081,0.9129,359302,0.8404,4303,0.8194,1439,0.9236
case_00131,test,0.9288,0.861,0.9237,280671,0.8594,41066,0.9274,0,
case_00132,test,0.941,0.9405,0.9442,1283202,0.9021,19109,0.5038,0,
case_00135,dev,0.8612,0.5332,0.8563,1064133,0.7534,1489413,0.7617,0,
case_00138,test,0.9331,0.914,0.9325,306149,0.8788,13039,0.8985,1021,0.4251
case_00140,test,0.9451,0.9405,0.9448,715619,0.8984,6468,0.959,504,0.4028
case_00145,test,0.9129,0.7453,0.9256,139404,0.8743,83916,0.8011,9030,0.745
case_00152,test,0.9314,0.9188,0.9313,142107,0.8765,4230,0.8797,4324,0.7486
case_00154,test,0.9054,0.8943,0.9096,818247,0.8467,38895,0.6771,6777,0.6307
case_00159,test,0.9273,0.9029,0.951,1444368,0.9166,242555,0.6111,0,
case_00164,test,0.898,0.8942,0.8987,161344,0.8172,2010,0.7303,0,
case_00168,test,0.9026,0.8459,0.896,84738,0.815,9973,0.9151,0,
case_00178,dev,0.8551,0.7065,0.904,97863,0.8398,79476,0.6477,2569,0.3986
case_00180,test,0.9092,0.829,0.9299,215727,0.8806,69097,0.721,424,0.5519
case_00184,test,0.8176,0.7499,0.8476,127647,0.8744,63302,0.5787,33365,0.2276
case_00185,test,0.91,0.8821,0.9072,355614,0.8322,20443,0.9177,2239,0.9723
case_00192,test,0.6613,0.6952,0.8574,186846,0.7565,253946,0.3035,1467,0.2011
case_00198,test,0.8575,0.8501,0.8563,277929,0.7905,4469,0.8787,29195,0.3556
case_00203,test,0.9032,0.9038,0.9069,442358,0.8362,6732,0.413,1532,0.5516
case_00211,test,0.4156,0.8497,0.8833,171765,0.7921,393089,0.0309,32,0.6562
case_00217,test,0.9159,0.8678,0.9115,208015,0.8434,21344,0.9183,2091,0.8819
case_00222,test,0.9272,0.8588,0.9328,210457,0.8755,41704,0.8153,0,
case_00228,test,0.7745,0.8564,0.892,260050,0.8077,102424,0.1911,0,
case_00231,test,0.9391,0.9333,0.9388,225679,0.8939,2761,0.9297,3710,0.4488
case_00236,dev,0.8023,0.6682,0.8833,121063,0.7953,126749,0.5536,0,
case_00246,test,0.8898,0.7337,0.8936,688116,0.8104,345798,0.789,2405,0.6445
case_00247,test,0.8968,0.8344,0.8897,105763,0.805,14135,0.9005,308,0.8766
case_00249,dev,0.9367,0.6554,0.9254,464194,0.8655,396592,0.9041,2129,0.4462
case_00258,test,0.9382,0.869,0.9306,224218,0.872,30301,0.9826,0,
case_00259,test,0.8969,0.8463,0.8915,113590,0.8166,12386,0.8961,0,
case_00260,test,0.8779,0.8611,0.9082,104033,0.8462,20311,0.524,1013,0.2201
case_00261,dev,0.9415,0.861,0.9348,961137,0.8938,163883,0.9609,0,
case_00271,dev,0.9203,0.7911,0.9047,1469332,0.8434,417221,0.9475,20870,0.2716
case_00280,test,0.8942,0.5627,0.8845,137424,0.799,172856,0.8213,0,
case_00283,test,0.9108,0.8516,0.904,821410,0.8263,99427,0.9305,0,
case_00284,test,0.9209,0.6792,0.8827,213903,0.7965,119872,0.9677,1709,0.2774
case_00291,dev,0.892,0.8181,0.9095,134978,0.8366,39330,0.7053,0,
case_00292,test,0.4401,0.7213,0.7696,184562,0.6272,296550,0.0679,0,
case_00293,test,0.9475,0.7559,0.9318,1206227,0.8995,563360,0.9618,0,
case_00295,dev,0.9567,0.9351,0.9558,1204744,0.9337,54464,0.9559,0,
case_00298,dev,0.9131,0.8717,0.9355,1452977,0.8852,307018,0.6559,0,
case_00406,test,0.8004,0.8729,0.8736,79782,0.776,13110,0.0079,0,
case_00407,test,0.9083,0.8688,0.9059,108835,0.8288,9682,0.8781,0,
case_00426,test,0.7235,0.6676,0.8231,106862,0.7579,111396,0.4244,10478,0.2468
case_00436,test,0.9352,0.8784,0.9324,125945,0.8813,15988,0.9168,0,
case_00438,test,0.8877,0.9023,0.9113,168178,0.8383,12080,0.2553,0,
case_00443,test,0.9068,0.9069,0.9111,207838,0.8394,3980,0.4472,0,
case_00453,test,0.424,0.7555,0.8295,143982,0.7095,325499,0.0742,66,1.0
case_00456,dev,0.9254,0.9238,0.9253,156655,0.8621,513,0.9201,594,0.9933
case_00457,test,0.9398,0.7467,0.9286,230592,0.8738,114049,0.927,0,
case_00460,test,0.8897,0.8233,0.8792,136577,0.8366,18970,0.9306,0,
case_00465,dev,0.4705,0.4682,0.469,134246,0.7419,1452,0.6763,298154,0.1112
case_00467,dev,0.9026,0.8496,0.8989,318331,0.8181,38493,0.8731,0,
case_00470,test,0.8468,0.8313,0.8433,93416,0.8667,4069,0.9309,56718,0.5161
case_00481,test,0.8057,0.5914,0.8751,339174,0.7797,481845,0.6017,0,
case_00482,test,0.9315,0.8317,0.9295,753787,0.8756,188498,0.8861,0,
case_00487,test,0.92,0.9072,0.9198,171936,0.8521,5090,0.867,0,
case_00511,test,0.8934,0.8886,0.8929,112089,0.8062,1089,0.8935,236,1.0
case_00516,test,0.0027,0.0298,0.0299,146465,0.0152,1743497,0.0002,0,
case_00525,test,0.9252,0.9018,0.9265,371444,0.8668,23142,0.8239,0,
case_00526,test,0.9233,0.5429,0.9054,265341,0.8323,371293,0.8794,493,1.0
case_00528,dev,0.9322,0.9168,0.9321,539322,0.8775,19284,0.8791,0,
case_00536,test,0.9104,0.8603,0.9052,154963,0.8287,16107,0.9198,0,
case_00544,dev,0.8955,0.8951,0.8958,518041,0.8318,1370,0.6226,21782,0.3442
case_00546,test,0.8592,0.785,0.8499,200651,0.739,34550,0.8351,0,
case_00550,test,0.9089,0.9026,0.9081,176436,0.8327,2071,0.9512,184,1.0
case_00554,test,0.8921,0.8908,0.8926,163455,0.8062,920,0.6674,6881,0.8592
case_00559,dev,0.9125,0.8845,0.908,1318386,0.8398,65286,0.9937,0,
case_00562,test,0.898,0.8857,0.8959,641648,0.8159,13932,0.9729,4864,0.4237
case_00563,dev,0.8779,0.8764,0.88,210735,0.8333,3401,0.5363,40687,0.5416
case_00566,test,0.9095,0.9067,0.9117,186651,0.841,3071,0.6125,626,0.9121
case_00574,dev,0.9047,0.9047,0.9071,186407,0.8313,2004,0.4471,0,
case_00575,test,0.9167,0.8721,0.9106,303082,0.8417,25621,0.9693,2448,0.4338
case_00579,test,0.9241,0.9224,0.9243,250896,0.8595,1261,0.7827,0,
case_00580,test,0.9085,0.8986,0.91,292323,0.8391,9129,0.7479,0,
case_00582,dev,0.4605,0.7259,0.7543,225666,0.6078,279665,0.051,0,
case_00585,test,0.9322,0.9329,0.9346,272505,0.8907,2425,0.3905,0,
case_00587,test,0.9106,0.9066,0.9101,127301,0.843,991,0.9364,1959,0.9561
